Comment,Control_Label,True_Label,Cluster_Label,LLM_Label,Half_Cluster_Label
It was awesome,1,2,6,1,5
Supper songs brother,4,2,1,3,3
love you talha,1,3,6,3,3
"this is not a song . this is some thing unique with different vibe like poetry or ghazal. the voice, music and what a lyrics. unimaginable . listened 100+ time every time this song has a different thing",4,2,1,2,2
speechless,2,5,6,1,3
great job!!!,2,2,6,3,3
Madina yad agaya,4,1,6,1,1
"Alisha g has sung so much good songs 
Underrated Ô∏èÔ∏èÔ∏èÔ∏è",3,3,1,3,3
what my waat rat fat gaiaaaaüáßüá©,3,4,6,5,6
Raaaaa,2,4,6,6,5
"I like this song , be happy yaar",2,1,1,1,1
Big fan sir,1,3,6,3,3
This album is only treat for old bohemia fans Ô∏è King of desi hip hop,6,3,1,3,4
bhai,2,4,6,5,5
Wow kaifi just more than amazing,4,3,1,3,3
3 like ha Bhi,3,4,6,5,1
My Bestfriend favourite song,3,1,1,1,1
Dil se dil tak,1,5,3,1,4
listening everyday..this is magical,3,2,1,1,3
Love from India mera bhai love you,3,2,1,3,1
Raja hrzai,6,4,6,3,6
"Atif Aslam, DJ chetas & Asees kaur",5,6,1,3,5
Just awesome,4,2,6,1,5
My favourite song you,6,2,1,1,1
It takes me back to my childhood when it was sung by a famous musician. What a great kalam ever,5,1,1,1,1
"Ali sethi bhai wah, u r an amazing artist. Me apno k marne pe bi nai roya. Ye song sun k ankhain num ho gain hain.",3,3,1,3,1
Yrr just give some credits to umair yrr what a production,1,3,6,2,2
I like the video,1,2,6,2,1
Excellent Asim!!!,3,3,6,3,3
Old days are gone,2,5,6,1,1
Zella Neck,5,4,6,5,5
@lm,3,4,6,5,4
This song 10\1000000000000,1,5,1,1,1
Best Song,1,2,1,1,1
Can't believe k esi masterpiece  album pe views nahi aa rahey. Ab tak to 1million har song pe ho jana chaiye tha jis level ki album hai,5,2,4,1,3
Always bring tears to my eyes beautiful track,4,1,1,1,1
Best sing,3,2,1,2,3
Jan love hugya,6,5,6,1,6
GODDDD!!!! What a sooothinggg beautifulll banger,3,2,1,1,1
"Dope music, beautiful voice",4,2,1,2,3
Love songs,5,5,1,1,1
I am speechless many best wishes to each one of you sukoon team keep rocking keep singing keep shining,5,2,3,3,3
BEMATLAB WILL TREND INSHALLAH,1,2,6,5,4
Gajab  hai,4,5,3,5,3
So personal for me every word of this song,5,1,1,1,1
India power,2,4,6,4,4
I LUV IT,3,2,6,1,5
''Gum me hi guzri jawani meri'' hits hard,1,1,3,1,1
Yar kaya song hai,6,5,3,1,3
Sidhe whatsapp msg received karne k bad aaye hai yaha someone sent me a quote clip with this song &first time i have listen this masterpiece amazing,4,3,5,1,1
bohemia Dz,1,5,6,5,3
I love you paji,5,2,3,3,3
Hard songs,5,5,1,6,1
Your representation of Pakistan on the global stage is truly exceptional. Your talent and dedication have set a remarkable example for others to follow. Thank you for being an outstanding ambassador for our country.,6,3,3,3,3
MashaAllah so nice Ô∏è,6,2,6,5,1
M the father of all listeners who unlike this song,6,5,1,5,1
Memories of 2014,6,1,6,5,1
Omggg wow‚Ä¶.,6,6,6,5,6
If you are here in 2024 then you have good taste of music,2,2,1,5,1
Nothing hits harder than 90's and 00's song's nostalgia.,3,1,1,1,1
Downers at dusk listener think this is new song,4,5,1,5,1
aby kya purany gny upload kraha h,1,6,5,5,4
U say ?,6,6,6,6,6
This song,3,5,1,5,1
"SADLY the only thing nice about this is Ali Zafar's voice. 

Everything else was just annoying  noise.",5,6,1,2,2
Amazing my favourite track,3,2,1,3,1
Is that earbud in his ear?,6,4,6,5,6
waah bhaeee kyaaa gaana banaaya houu,1,2,6,3,3
Bruh i just lost my mom and dadbut also  am living the fuc*** life without mom and dad,6,4,1,1,1
By listeming this song i feel my childhood memories,3,1,1,1,1
"Listened to this song on Radio, Walkman, Music stereo , CD player, PC, MP3 player, IPod, laptop, Home theater etc etc",5,2,1,1,1
love u sir,3,3,6,3,3
Bhaiiii kia banda hai yawrr yehhh,6,3,3,3,3
This is Beauty <3,4,2,6,2,1
DHH mai ys se bada koi nhi hai bhai,3,3,3,3,3
"Wah Great Vice, I Love Coke Studio",4,2,6,2,3
JJ Sir LYSM,6,3,6,3,3
Wah,3,5,6,5,5
Love from india,5,2,1,5,1
Best song on whole planet so far,2,2,1,1,1
My best qehwally,2,2,6,3,6
Only 277 views in 2 days,4,5,6,5,5
An awesome song,6,2,1,2,1
‡¶ó‡¶æ‡¶®‡¶ü‡¶ø ‡¶Ö‡¶®‡ßá‡¶ï ‡¶∏‡ßÅ‡¶®‡ßç‡¶¶‡¶∞ ‡¶π‡ßü‡ßá‡¶õ‡ßá,4,4,6,1,5
Paaji kya baat hai,6,3,3,3,3
Just written by pain,6,1,6,1,1
Bro singer tu op a bas lyrics thoray behtar hotay tu song acha ho sakta tha,2,5,2,2,3
kia baat ha,5,6,6,3,5
"Kong
Faris Shafi
Lyrics 
About 
Comments 
1

10

See upcoming rap shows
Get tickets for your favorite artists
Kong Lyrics
[Verse 1]
Aao suno mere aqwaal-e-zareen
It's the incredible janty sabhi, hain Faris Shafi
Malik ne mujhko takat jo di hai, sadiq ameen
Baki sare kameenay
Sat on a scene in the sand of the beach in Cyprus
Watch me tan with your bitch Zainab, I can pass you the dick
The plan is plan B your man is angry I might just adjust
A little adjustment, a lyrical upset
Mere dil me dard hai, seer may dard hai
Mu pe to sary mere jigry bante ha
How's zinger burger? khalen! ab nigal ly isko
Aur nikalen idhar se apni shakal na dikhayi
Khasma nu khayi, sadkan dy pai, charas alay pai
Faris on the mic, like Rockstar Rapstar
Rehpta na khaalai, actress-actra (etcetera) hein wi tu bhenchod rukte ni bank roll
Bhootni ke thokun, jo quat ha hai m–µry andar
Chuhffnad a flow like a jaadugarsan
Lahore to London, habibi shukran, hut fati ah thes–µ hoes need to learn manners
Respect my flow, itna flow hai ki


 
 Bryant Barnes 'I‚Äôd Rather Pretend' Official Lyrics & Meaning | Genius Verified

[Refrain]
Ispaghol (ispaghol)
Can‚Äôt control if the shit I spit
Can‚Äôt control if the shit I spit
Yo, itna flow hai ki, Ispaghol (ispaghol)
Can‚Äôt control if the shit I spit
Yo, itna flow hai ki, Ispaghol (ispaghol)
Can‚Äôt control if the shit I spit
Can‚Äôt control if the shit I spit
'Cause I'm the mighty King Kong

[Chorus]
Mic pakraein I sing songs
Chai pilaen, it might take long
Chai pilaen, it might take long
Because
I‚Äòm the mighty King Kong
Mic pakraein I sing songs
Chai pilaen, it might take long
Psychotherapy is on

[Verse 2]
Take a look at me now
Motherfuckers I‚Äôm top on the game
And it‚Äôs a lot of the same shit, take a look at the crowd
Mein ne khaana hai pulao, mujhe khana khilao
Thoda palak paneer, aao aapko banana khilau
Aajao beta sabke banana hilao
Aao may apko gaanay banana sikhaun
Puray Pakistan me main naaray lagaun
Apne bare may bataun tumhe, main hu psycho
Mujhko mic do, puray five thousand rupees ki Vicodon or Valium khai toh
Meethe ka mood hua cake ki slice do
Seedhy mu gal ni ho rahi bhai jaan
Sharab peekay hawai jahaz mat udayi jao
Meri he ghalti ha, masti my fault trust me I know, jahaz is all I see

[Chorus]
I‚Äòm the mighty King Kong
Mic pakraein I sing songs
Chai pilaen, it might take long
Oh, psychotherapy is on
Ah, see your jealousy gone wrong
Mein yahan pe mehfooz
Main yahan pe mahzooz, dude
Main yahan pe mehdood
Because I‚Äòm the mighty King Kong
Mic pakraein I sing songs
Chai pilaen, it might take long
Chai pilaen, it might take long
Because I‚Äòm the mighty King Kong
Mic pakraein I sing songs
Chai pilaen, it might take long
Chai pilaen, it might take long

[Verse 3]
But I‚Äôm back once again
With the ill behavior, single ladies I‚Äôm here to save ya
Sexy ladies, I‚Äôm here to shave your legs
Sexy ladies, meri red Mercedes ka mein tax nahi deta
Text me later I don‚Äôt text you back 'cuz I don‚Äôt text at all
I make music to inspire fucking lecture halls, I got students
Asking me questions all the time
Faris bhai how do you write these rhymes, Sahir Ludhianvi aur Vital Signs
Main murshad aapka payen
Zahir hai firing hai taday payen

[Outro]
Aao suno mere aqwaal-e-zareen
It's the incredible janty sabhi hain Faris Shafi
Malik ne mujhko takat jo di hai, saadiq ameen
Baki sare kameenay
Sat on a scene in the sand of the beach in Cyprus
[?]
Jo mujhy sunein mery jigri banday
[?]
(Ispaghol, can‚Äôt control if the shit I spit, can‚Äôt control if the shit I spit)
(Ispaghol, can‚Äôt control if the shit I spit)
(Ispaghol, can‚Äôt control if the shit I-)",5,6,2,4,4
Favorite instrumental anthem !,3,2,1,2,2
Adnan Bhai,4,6,6,3,5
To listen this song back to life a pleasure era,5,2,1,1,1
"Love you pakistan tonüáµüá∞üáµüá∞
Naice
#fanijuttdaskewala",1,5,1,4,3
Kya lekha hai pajii ney  rongte khde Ô∏èÔ∏è,3,2,1,1,1
Bilal bhai bhagwan aapko bahot lambi Umar deÔ∏è,3,3,1,3,3
Thhu hai maine tujhe pyaar kia!,2,5,3,1,3
any buddy listnes 2020 April,4,4,6,5,5
What a new voice waooo best,5,3,1,2,3
"Feb 16,2023 
11:23 pm
San jose ca",5,6,6,5,4
7 comments only ?,6,4,6,5,5
"Beautiful work, Arooj. You transcend the beautiful.",3,3,1,3,3
Luv frm india dnt cum india again if anybody calls also b a Legend even yu have a self respect,4,6,3,3,1
Legend!,4,3,6,3,3
Xt,4,6,6,5,5
"ŸÅÿßÿµŸÑŸà⁄∫ ⁄©Ÿà ÿ™⁄©ŸÑŸÅ €Å€í €ÅŸÖ ÿ≥€í ÿß⁄Øÿ±
€ÅŸÖ ÿ®⁄æ€å ÿ®€í ÿ®ÿ≥ ŸÜ€Å€å⁄∫ ÿå ÿ®€í ÿ≥€Åÿßÿ±ÿß ŸÜ€Å€å⁄∫
Faslon Ko Takalluf Hai Humse Agar
Hum Bhi Bebas Nahi Be Sahara Nahi

ÿÆŸàÿØ ÿßŸèŸÜ⁄æ€å ⁄©Ÿà ŸæŸè⁄©ÿßÿ±€å⁄∫ ⁄Ø€í €ÅŸÖ ÿØŸèŸàÿ± ÿ≥€í
ÿ±ÿßÿ≥ÿ™€í ŸÖ€å⁄∫ ÿß⁄Øÿ± Ÿæÿßÿ§⁄∫ ÿ™⁄æ⁄© ÿ¨ÿßÿ¶€å⁄∫ ⁄Ø€í
Khud Unhi Ko Pukarei√±ge Hum Door Se
Raste Mei√± Agar Paao√± Thak Jayei√±ge

 

€ÅŸÖ ŸÖÿØ€åŸÜ€í ŸÖ€å⁄∫ ÿ™ŸÜ€Åÿß ŸÜ⁄©ŸÑ ÿ¨ÿßÿ¶€å⁄∫ ⁄Ø€í
ÿßŸàÿ± ⁄ØŸÑ€åŸà⁄∫ ŸÖ€å⁄∫ ŸÇÿµÿØÿß ÿ®⁄æŸπ⁄© ÿ¨ÿßÿ¶€å⁄∫ ⁄Ø€í
Hum Madine Mein Tanha Nikal Jayei√±ge
Aur Galiyo√± Mein Qasdan Bhatak Jayei√±ge

€ÅŸÖ Ÿà€Åÿß⁄∫ ÿ¨ÿß ⁄©€í ŸàÿßŸæÿ≥ ŸÜ€Å€å⁄∫ ÿ¢ÿ¶€å⁄∫ ⁄Ø€í
⁄à⁄æŸàŸÜ⁄àÿ™€í ⁄à⁄æŸàŸÜ⁄àÿ™€í ŸÑŸà⁄Ø ÿ™⁄æ⁄© ÿ¨ÿßÿ¶€å⁄∫ ⁄Ø€í
Hum Waha√± Jaake Wapis Nahi Aaye√±ge
Dhoo√±dte Dhoo√±dte Log Thak Jayei√±ge

 

ÿ¨€åÿ≥€í €Å€å ÿ≥ÿ®ÿ≤ ⁄ØŸÜÿ®ÿØ ŸÜÿ∏ÿ± ÿ¢ÿ¶€í ⁄Øÿß
ÿ®ŸÜÿØ⁄Ø€å ⁄©ÿß ŸÇÿ±€åŸÜ€Å ÿ®ÿØŸÑ ÿ¨ÿßÿ¶€í ⁄Øÿß
Jaise Hi Sabz Gumbad Nazar Aayega
Bandagi Ka Qareenah Badal Jayega

ÿ≥ÿ± ÿ¨Ÿè⁄æ⁄©ÿßŸÜ€í ⁄©€å ŸÅŸèÿ±ÿµÿ™ ŸÖŸÑ€í ⁄Ø€å ⁄©Ÿêÿ≥€í
ÿÆŸèŸàÿØ €Å€å ŸæŸÑ⁄©Ÿà⁄∫ ÿ≥€í ÿ≥ÿ¨ÿØ€í ŸπŸæ⁄© ÿ¨ÿßÿ¶€å⁄∫ ⁄Ø€í
Sar Jhukane Ki Fursat Milegi Kise
Khood Hi Palko√± Se Sajde Tapak Jayei√±ge

 

ŸÜÿßŸÖŸê ÿ¢ŸÇÿß ÿ¨€Åÿß⁄∫ ÿ®⁄æ€å ŸÑ€åÿß ÿ¨ÿßÿ¶€í ⁄Øÿß
ÿ∞⁄©ÿ± ÿßŸèŸÜ ⁄©ÿß ÿ¨€Åÿß⁄∫ ÿ®⁄æ€å ⁄©€åÿß ÿ¨ÿßÿ¶€í ⁄Øÿß
Naam Un Ka Jahan Bhi Liya Jayega
Zikr Un Ka Jaha√± Bhi Kiya Jayega

ŸÜŸèŸàÿ± €Å€å ŸÜŸèŸàÿ± ÿ≥€åŸÜŸà⁄∫ ŸÖ€å⁄∫ ÿ®⁄æÿ± ÿ¨ÿßÿ¶€í ⁄Øÿß
ÿ≥ÿßÿ±€å ŸÖÿ≠ŸÅŸÑ ŸÖ€å⁄∫ ÿ¨ŸÑŸà€í ŸÑŸæ⁄© ÿ¨ÿßÿ¶€å⁄∫ ⁄Ø€í
Noor Hi Noor Seeno√± Mein Bhar Jayega
Sari Mahfil Mein Jalwe Lapak Jayei√±ge

 

ÿß€í ŸÖÿØ€åŸÜ€í ⁄©€í ÿ≤ÿßÿ¶ÿ± ÿÆŸèÿØÿß ⁄©€í ŸÑ€å€í
ÿØÿßÿ≥ÿ™ÿßŸÜŸê ÿ≥ŸÅÿ± ŸÖŸèÿ¨⁄æ ⁄©Ÿà €åŸà⁄∫ ŸÖÿ™ ÿ≥ŸèŸÜÿß
Ai Madine Ke Zaair Khuda Ke Liye
Dastan e Safar Mujh Ko Yu√± Mat Suna

ÿ®ÿßÿ™ ÿ®⁄ë⁄æ ÿ¨ÿßÿ¶€í ⁄Ø€å ÿå ÿØŸÑ ÿ™⁄ëŸæ ÿ¨ÿßÿ¶€í ⁄Øÿß
ŸÖ€åÿ±€í ŸÖÿ≠ÿ™ÿßÿ∑ ÿ¢ŸÜÿ≥ŸèŸà ⁄Ü⁄æŸÑ⁄© ÿ¨ÿßÿ¶€å⁄∫ ⁄Ø€í
Baat Badh Jayegi Dil Tadap Jayega
Mere Mohtaat Aa√±su Jhalak Jayei√±ge

 

ÿßŸèŸÜ ⁄©€å ⁄Üÿ¥ŸÖŸê ⁄©ÿ±ŸÖ ⁄©Ÿà €Å€í ÿßÿ≥ ⁄©€å ÿÆÿ®ÿ±
⁄©ÿ≥ ŸÖŸèÿ≥ÿßŸÅÿ± ⁄©Ÿà €Å€í ⁄©ÿ™ŸÜÿß ÿ¥ŸàŸÇŸê ÿ≥ŸÅÿ±
Unki Chashm-e Karam Ko Hai Is Ki Khabar
Kis Musafir Ko Hai Kitna Shauq-e Safar

€ÅŸÖ ⁄©Ÿà ÿßŸÇÿ®ÿßŸÑ ÿ¨ÿ® ÿ®⁄æ€å ÿßÿ¨ÿßÿ≤ÿ™ ŸÖŸÑ€å
€ÅŸÖ ÿ®⁄æ€å ÿ¢ŸÇÿß ⁄©€í ÿØÿ±ÿ®ÿßÿ± ÿ™⁄© ÿ¨ÿßÿ¶€å⁄∫ ⁄Ø€í
Hum Ko Iqbal Jab Bhi Ijaazat Mili
Hum Bhi Aaqa Ke Darbar Tak Jayei√±ge

 

ŸÅÿßÿµŸÑŸà⁄∫ ⁄©Ÿà ÿ™⁄©ŸÑŸÅ €Å€í €ÅŸÖ ÿ≥€í ÿß⁄Øÿ±
€ÅŸÖ ÿ®⁄æ€å ÿ®€í ÿ®ÿ≥ ŸÜ€Å€å⁄∫ ÿå ÿ®€í ÿ≥€Åÿßÿ±ÿß ŸÜ€Å€å⁄∫
Faslon Ko Takalluf Hai Humse Agar
Hum Bhi Bebas Nahi Be Sahara Nahi

ÿÆŸàÿØ ÿßŸèŸÜ⁄æ€å ⁄©Ÿà ŸæŸè⁄©ÿßÿ±€å⁄∫ ⁄Ø€í €ÅŸÖ ÿØŸèŸàÿ± ÿ≥€í
ÿ±ÿßÿ≥ÿ™€í ŸÖ€å⁄∫ ÿß⁄Øÿ± Ÿæÿßÿ§⁄∫ ÿ™⁄æ⁄© ÿ¨ÿßÿ¶€å⁄∫ ⁄Ø€í
Khud Unhi Ko Pukarei√±ge Hum Door Se
Raste Mei√± Agar Paao√± Thak Jayei√±ge",6,6,1,1,1
I love this naat,2,2,6,3,5
soft? perfection hitting the boundary.,5,5,6,2,2
Kon is gane ko abhi bhi sunta hai,4,5,1,1,3
Raza koi tod ni,6,6,6,1,6
"OMGGG! 4 months ago, I found The Original WADA NA TOD by Lata ji via the movie ‚ÄúSalaam bombay‚Äù where a kid was singing this song in a scene which was very catchy, since then the Original song has been in my playlist and now you released your version of the song. I‚Äôm so happy about this, can‚Äôt express my excitement!!! This is surely going to be my favorite song.",2,2,5,1,1
Wow,6,5,6,5,3
"Rakkhi nishani chupayi teri, pucho na mujhse kahani meri ...best",1,2,1,1,1
Finally the OG yunus is back,3,3,6,3,3
Poochho na mujhse kahani meri,5,6,1,1,1
Asim Azhar,6,6,6,5,3
Bohemia ko b lo.rap k liye,6,5,3,5,4
"Guys, I'm gonna meet her today. Wish me luck",5,4,6,4,3
Shifa toxic hai,3,4,6,4,5
Wah wah,1,2,6,5,5
Please release another version without Moor ! Wasn‚Äôt the track for her,2,5,1,3,5
Lanat hai Bilal,6,6,3,4,5
I am big fan  for u,3,3,6,3,5
Seen this movie 5 years back. Heroine ke liye dekha tha. Gaana achha hai. Story kuch nahi simple,2,4,1,1,1
Here come the waterworks....brilliant score.,2,2,1,2,1
PAAJI ALBUM 2020 Ô∏è,2,6,3,5,4
Great ... Love from Sialkot,1,2,1,3,1
"IN THIS SONG , U CAN SEE HOW RAJA DO WORDS PLAY   Great lyrics REAL GOAT",1,2,1,2,2
The depth of voice and emotion is so HEART TOUCHING. Beautifully sung by Aima Begh.,2,3,1,1,1
LOVE YOU BOHEMIA FROM INDIA üáÆüá≥ YOUR BIGGEST FAN HEREÔ∏è,4,2,3,3,3
"Talha Goat  
Love respect from Pakistan üáµüá∞ Punjab üáµüá∞",5,2,1,3,3
What a stupid song,1,5,1,5,5
Listen from Bangladesh,4,5,3,5,5
love this song very inspirational :),4,1,1,1,1
"Ali sethi is true gem 
Love from india",6,3,1,3,1
This song is toooo short,5,5,1,2,5
"The best verse in my opinion. Jade naal se tu, har haal se tu. This killed me.  Too much depth in those words.",2,2,1,2,1
No comments on this masterpiece  ?,6,5,6,3,3
"(Date:7.may.thu.2020 time:11:23am)
Listening .....",6,4,5,5,5
Uffffff  memorable song,4,1,1,1,1
I like that song,4,2,1,1,1
"Chalo jldi nhi aram se 
Kaamyaabi ko nazar lagti Der nhi lagti
Hosla rakho apne aap pe
Yeh pyaar mil raha hai india ke rajasthan se",4,6,1,1,4
"Real Talk! 

This isn't rap, it's poetry of his life",2,6,1,2,2
JJ47,2,6,6,5,5
11 45 24th Apr 2024,6,4,6,5,4
Love you Adnan Dhool from Germany. . May Allahmia blesses with more,6,3,6,3,5
I will comment on 23rd,1,4,6,5,5
Magical Voice..,1,3,1,2,3
Masterpiece,4,2,6,2,3
Hit songÔ∏è paaa jii Ô∏è Love uuu SooÔ∏è much Rab rakhaa (Cali Carter here)Ô∏èÔ∏è,2,2,3,3,3
I listen this song 100+ time,2,2,1,1,1
Koi lota do wo samay 2009 ka jab school Jane ke time pe a song sunte the TV pe,6,1,1,1,1
Next level Ô∏è,5,2,6,2,6
3:12 so powerful .. so empowering to bring forward new talent...  üáµüá∞,4,3,6,2,3
H ke baad I nahi sidha Jü´°,1,6,1,4,5
To tere liye kya kuchh kar ni sakta 0:47,5,5,1,2,1
Kk r koi tv,2,4,6,5,6
Me,1,4,6,5,6
Fv  song,4,2,1,1,1
3 years ago  but still 2024 remembers me of her being mine,2,1,6,1,1
Beautiful,4,2,6,1,1
Aaj bhi yaad h,6,5,6,1,1
Khalil's saabb lyrics plus Atif's vocalss awesome combination,5,3,1,2,3
"Balochi bhi add h wah maza agya 
allah hairan khana thaiyan 
yo yo honey pajiii love you ho gya",5,3,1,2,3
Kaifi khalil fan from Bangladesh the üáßüá©,5,3,3,4,3
Ô∏è      such a magical voice,3,3,1,1,3
Sidhu  love from Pakistan,4,3,1,3,1
OMG ASIM KA ENGLISH X URDU/PUNJABI REMIX KINDA VIBEü•πü•πü•π,5,2,6,2,2
I love this songle,6,2,1,1,1
Mashallah ap bahut peyara gate ho,5,2,6,3,1
Use Google translator in case you need translation. OG Will remain OG. Don't try to fk with it,4,5,6,2,3
I really like this song,5,2,1,1,1
jovhi hojaye restart karo,4,6,6,5,5
Ohh marvelous singing both off you,2,2,1,3,3
set my soul on fire......amazing ...song,6,1,1,1,1
"Provided to YouTube by The Orchard Enterprises

Secrets ¬∑ Talha Anjum ¬∑ Umair ¬∑ Talha Anjum Rasheed ¬∑ Muhammad Umair Tahir

Open Letter

‚Ñó 2024 Mass Appeal/Talha Anjum

Released on: 2024-02-18

Producer: Umair

Auto-generated by YouTube. 
Samajh jao na yar",4,4,5,5,5
Bohemia great Bai love from veins,4,3,1,3,3
This song  will take you to the different galaxy,3,1,1,1,1
What a song and what a voice,2,2,1,3,1
POETRY,6,2,6,2,2
"‡§ú‡•à‡§∏‡•á ‡§§‡•Å‡§ù‡•á ‡§Ü‡§§‡•á ‡§π‡•à‡§Ç, ‡§® ‡§Ü‡§®‡•á ‡§ï‡•á ‡§¨‡§π‡§æ‡§®‡•á
‡§ê‡§∏‡•á ‡§π‡•Ä ‡§ï‡§ø‡§∏‡•Ä ‡§∞‡•ã‡•õ ‡§® ‡§ú‡§æ‡§®‡•á ‡§ï‡•á ‡§≤‡§ø‡§Ø‡•á ‡§Ü",3,4,6,1,5
"Asim bhai
Chorhain ye songs dafa krain duniya daari
Deen ki taraf ayien itni pyari Awaaz ha naat parhain yarÔ∏è",5,6,1,3,1
"""I am ‡•ê Ô∏è ‡•ê icon""",4,6,6,5,1
Fav,6,2,6,5,5
L9ve you Ô∏è,2,5,6,1,6
My best friend √±andini madiha Miss you Ô∏è Love you Ô∏è the same day and Love you Ô∏è And love to have a beautiful  madiha Miss you,3,4,1,4,4
This song is verv beautiful .I fell very 2:54,4,2,1,1,1
you are a good singing star,1,3,1,3,3
Nice song,6,2,1,5,1
nice song,3,2,1,3,1
1:55,2,4,6,5,5
I don't know how many times I have listened to this naat,3,5,1,1,1
Pubg is the best from all games,3,4,3,4,4
Raje tera Sath abhi bi ni chora still listening Ô∏è 5.3.2024,3,3,1,1,1
"Ye sunkr bhot saari yaadein aankhon ke saamne aakr theher gyi,bachpan me jab school prayer hoti thi then I used to wait for this,tb bs iski melody psnd thi, aaj jb iske mtlb ko samjha h tb aur khin zyada psnd h...it used yo be my fav part of school morning  prayers...& I'm really missing  those unforgettable days",5,1,1,1,1
BEMATLAB IS FIRE,1,2,6,1,4
I Love You Talha,2,3,6,1,3
Thank you kavish,2,3,6,3,5
"Assalamualaikum...
Thanks for this Ali (without music)",2,4,6,3,6
I thought first hook me aap ho,4,4,6,6,6
Wtf just 12 comments .,6,6,6,5,5
"Raati aya si khayal lang gae kinnay saal
Par hoi nae majaal kivain puchaan tera haal",6,6,1,1,1
It's my favorite naat and it's beautiful voice  really,2,2,1,3,3
We want Talhah Yunus album now,1,3,3,3,3
Reupload nhi hai bhai youtube music hai auto generated,4,4,3,2,5
Goosebumps after thousand thoughts,4,1,6,1,1
2015 to 2023,3,4,6,5,5
Beautiful voice,5,2,1,3,3
Beautifully sung,4,3,1,3,3
Super talented,4,3,1,3,3
Nostalgia ‡§ñ‡§∞‡§Ç‡§ö,1,1,6,1,1
Love from IndiaüáÆüá≥,2,2,6,5,1
this song is very heart touching . So passionately sung .Really divine voice.expressing love to your voice from INDIA,4,1,1,3,1
Omggg!!  After 25 years!!!,4,1,6,1,3
Here in Aug 2023,5,4,6,5,5
Vibe hai yaar,6,1,3,2,3
Instagram pe bohot viral hua hain yee song ....2024 mein vhi,1,5,5,1,5
"Mein Bangladesh se hun...yea gana meri dil ki bohot karib ban gaiya bohoooooot khub surat or sukun milta hain yea gana sunk ,,dukh dardh sb bhula deti hy or sukun miti hain sunk",5,1,1,1,1
Nice  bro,4,5,6,3,5
Paaji love from punjab,4,3,1,3,3
Very talented new age Pashto singer,1,3,1,3,3
Abrar ji so sweet,3,3,3,3,3
Fantastic lyrics and ofcourse the best voice beautifully expressed emotional song.,3,2,1,2,1
Ye kabhi musically legend hua karta tha but ab yeh overrated ho chuka hai ghamand inka sar pe hai music se ziyada focus inka fashion pe rehta hai phir kese banega acha music,4,5,1,3,3
K.K and Ali Zafar has such an amazing voice,4,3,1,3,3
Nicesong,5,2,1,1,1
This song has lot of memories with me,6,1,1,1,1
Comeback karlo yr Ô∏è,6,5,6,5,3
"CONTEXT: HE IS ONTO A LONG BREAK.THEREFORE, HE IS UPLOADING HIS OLD SONGS FOR US SO THAT WE DON'T MISS HIS CONSISTENCY.",5,5,1,2,3
Tu aaya nhi kyu Ô∏è,5,5,3,5,1
afsurda raha,2,6,6,5,6
"Those who love peace can check ARRahman's vande matram, this one is equally good.

Love from India.",4,2,1,1,3
THEY SLAYED BHAI,2,2,6,2,5
Whatttttt,3,6,6,5,6
"The finest music am listening , too good",4,2,1,1,3
JJ47 is so underrated,4,3,6,3,3
It is my one of the favorite song since 1 year,1,2,1,1,1
Tumkahaormaikaha,4,6,6,5,6
"Taht is ,wht rap star called @bohemia",3,3,1,3,4
King bohima,6,3,6,3,5
Mohabbat bhi nasibo walo ko milti hai toh m yahin khaunga Tum Kuch kaabil bano khash kar agar tum boys ho toh  life m jo bhi ho mehnat kabhi piche mat hato  padai karo mann laga k 12 class tak samjo Tum set feer 80% time h aap k passall the best,6,4,1,4,5
Anjum was sitting randomly aur socha ja hi raha hun inn ko rula kr jaata hun,4,1,1,5,3
UH LITERALLY NAILED IT,6,2,6,3,6
Legend,2,3,6,3,3
Nicely,4,6,6,5,6
"When I listen to this song, I remember the past seven years",2,1,1,1,1
Bht pyara‚Ä¶Ô∏è,5,6,6,1,5
"its been one whole year i havent seen you yes i do stalk you on social media but i do not have guts to talk to you to come back i know  it wasnt a long relationship but i miss you. 3rd december i wont forget this date ever in my life you said na k"" hum saath rhy na rhy pr saath spend kea time hmesha  chray pr  smile le k aayga ' i miss you each day and i dont want to move on those memories with you are my favourite . you may have moved on you might be happy with someone else i wish you to be happy . listning to your favourite song makes me happy . Dunia bhot choti hai by any chance if you came across this message just want to say i still love you and will keep on loving you    your",5,4,5,1,1
Nyc,1,4,6,5,5
Most amazing track loved it the moment I heard and been listening since 2006,4,2,1,1,1
"This is superb song by Farhan saeed best composition, voice  n lyrics.",5,2,1,3,3
Kabse search krrha tha mai  i love this song so much,5,2,1,1,1
So sad,6,1,6,1,1
Arko mastero magic musician legend proud of you super melody magic song,1,3,3,3,3
ÿ™Ÿà  ÿ®ÿ±ÿß€å ÿß€åŸÜ ÿØŸÜ€åÿß ÿÆ€åŸÑ€å ÿ≠€åŸÅ Ÿáÿ≥ÿ™€å,1,4,6,5,1
Damn ! So heart touching.. kya lyrics hein Ahad,6,1,5,1,1
"Such a soothing and melodious voice on drill beat, just like cherry on a",4,3,1,2,2
Love from India,2,2,1,5,1
Beauty full kaklam,4,3,6,5,5
YA NABI SAWAAP P LALHO SALAAM AUR LAKHO SALAM,2,6,1,1,1
"#DesihiphopGOD #Bohemia #Raja  Tu Online Block Kite , appa road block",1,4,3,3,4
"All time favourite , love you Atif sir",3,3,1,3,1
"Yay, I just discovered you, your band/colleagues/fellow musicians... Today!! This morning, 5am, on Radio New Zealand, World of music.  Arohanui Xxx",4,3,3,1,3
I love this song sosososososososo  much.,3,2,1,1,1
I love you alisha,4,3,6,3,3
"Please don‚Äôt stop with these songs! Keep them coming, always!",3,2,1,1,3
Neha mem your voice is so sweet love u so much,3,3,1,3,3
Why this song is not viral yet,4,2,1,5,1
this song gives me another lvl of goosebumps,3,1,1,1,1
"Kaavish... ‡Æí‡Æ∞‡ØÅ ‡ÆÖ‡Æ±‡Øç‡Æ™‡Æ§‡ÆÆ‡Ææ‡Æ© ‡ÆÖ‡Æ≤‡Øç‡Æ≤‡Ææ‡Æπ‡Øç ‡Æµ‡Æø‡Æ©‡Øç ‡Æ™‡Æü‡Øà‡Æ™‡Øç‡Æ™‡ØÅ.
‡Æá‡Æµ‡Æ∞‡Øç ‡Æ™‡Ææ‡Æü‡Æ≤‡Øç‡Æï‡Æ≥‡Øà ‡ÆÆ‡ØÄ‡Æ£‡Øç‡Æü‡ØÅ‡ÆÆ‡Øç ‡ÆÆ‡ØÄ‡Æ£‡Øç‡Æü‡ØÅ‡ÆÆ‡Øç ‡Æï‡Øá‡Æü‡Øç‡Æï‡Ææ‡Æ§ ‡Æ®‡Ææ‡Æ≥‡Øç ‡Æá‡Æ≤‡Øç‡Æ≤‡Øà.",4,4,3,1,3
Behtareen,3,5,6,5,1
Har Khushbou sy ati h bus tay re Khushbou....yeh gany...hunza ki shamy Ô∏è nashli ankhy....bro pls aa jao apny esi music k sath...yaha pay..,1,4,1,1,5
"This is the song when i was in love n m still with the same person frm 14 years
So many memories",4,1,1,1,1
2024 attendance here.......>,1,4,6,5,4
"love from ur sheher KARACHI 
<3",6,2,1,1,1
Plz someone remind me of this masterpiece i am leaving this comment,5,2,6,1,3
"As someone who has always been alone, and lonely, I'm fantasising about her listings to this song",1,1,1,1,1
All time Favourite,3,2,6,1,1
This is my favourite song,2,2,1,1,1
Subhanallah mede dihati log,6,6,6,5,1
Soothing voice love from india üáÆüá≥,1,3,1,1,3
"It‚Äôs heart blowing what a talented, guitar  out of mind",6,2,1,2,3
Love you sir see u again Ô∏èÔ∏è,1,3,1,3,3
Love from üáÆüá≥,1,2,6,5,1
Lyrically genius,2,3,1,2,3
Heart touching,2,1,1,1,1
"Ô∏è
I am speechless.
Soothing my anxiety better than alp",1,4,1,1,1
Come to India atif aslam,5,5,3,5,5
Loved the collab wish to see listen such songs again,2,3,1,3,1
Nice bro  you all will be a king,2,3,6,5,3
JJ47 NEVER DISAPPOINT,2,3,6,3,3
ÿ≥ÿ®ÿ≠ÿßŸÜ ÿßŸÑŸÑ€Å,4,4,6,1,4
"This soundtrack is heavenly, the bittersweet and eerie feeling at the end, just flawless.",6,2,1,2,2
"Welcome to old schools, the bohemian world",1,3,6,1,1
Beautiful  Can‚Äôt get over this one,5,2,1,1,1
Luv from kashmir Ô∏è,2,2,1,3,1
Lajavab,4,6,6,6,5
JJ,6,6,6,5,3
chal chalein,3,6,6,1,3
I nambar bhai,3,6,6,5,5
Hyeeeeee......,2,6,6,5,6
FalakÔ∏è,5,6,6,3,6
Legend Pakistan Abrar Ul Haq,5,3,1,3,3
No one uploaded  without  music,6,6,1,2,5
Nc song bro,6,2,1,1,1
I don't know about love but sometimes something missing,1,4,1,1,1
Marriage is not complete without Abrar-ul-haq songs,2,3,1,1,1
Bhai ak dam  love from delhi,3,2,1,1,1
"Lyrics:

 jahan se shuru ki bat wahein pe aa k khatam
ab tak zindagi ne dikhaye mujhe sirf sitam
gutham gutha apni hi qismat se mein larh raha tha
piar ki dor ko suli bana k charh raha tha
mein rahon ya na rahon tujhe fikar nhi hoti
agr hoti to kia tu meri tarah na roti
jese mein jagta hn khwab mein tere aane k dar se
ziada tar bahir hi rehne laga mein ghar se
nasha kia mila sakoon waqti tor ka 
hone laga seene mein dard phir bhari zoor ka
kr k sir ki taraf mon apni pistol ka
nashe mein intezar karon teri call ka
meri hal pooch, koi bat kr
galti se kabhi mujhe bhi yad kr
parhu hath paer mein rat bhar 
ya tera aj bhi muatabar
yakeen kar meri bat ka, mein dill ka bura nhi hn
jahan se tune chora aj bhi mein khara wahein hn

Kya hua agar dill mein tere mujhko le kar kuch nhi he 
thori thori hi sahi per sansein ab bhi chal rahi hein
ishk mera aik mazar or ashki meri qabar he 
de bhi jao hazri ab sirf teri muntazir hein

akhiyan udik diyan, dill wajan mar da
aja pardeseya wasta ae piar da
san meri tur chali ae, tenu mein pukar da
wekh le mur k tu ve hal ki ae yar da
dekho raton mein he tanhai aik ajeeb si
dekho adaon mein ruswai aik ajeeb si
q he tu door ho k bhi mere kareeb si
piar na ho to doulat kyun lage ghareeb si
kash pe kash, nas nas mein bas basi
tu kare mujhe bebas
chal has de keh de mujhe yar ab
unpe bhi ane lagi khar ab
kar yar ab tu hi kar de koi mushkil asan meri
aik shaqks dou chehre inse chuta de jan meri
q k jo jan meri wo mujhe janti nhi
sab k jhoot ko sach, mere sach ko bhi sach manti nhi
Kis kam ki ye shikayat jab koi sunne wala hi nhi
tu jabse gai he mein ne mout ko kabhi tala nhi
manzil dikh rahi he per wahan jane ka raste hi nhi he
log shikwa karte hein kehte Talha tu hasta hi nhi he
teri masoomi, meri mayoosi, why don't u see
mujhe abse pasand hai nasha, andhera or khamoshi

Kya hua agar dill mein tere mujhko le kar kuch nhi he 
thori thori hi sahi per sansein ab bhi chal rahi hein
ishk mera aik mazar or ashki meri qabar he 
de bhi jao hazri ab sirf teri muntazir hein

shok tha yar faqeeri ka 
kush ishk ne dar dar rol dia 
kuch sajna qasar na chori thi
kuch zehar raqeeban ghol dia
kuch wese bhi rahein mushkil thein 
kuch bat mein gham ka tok bhi tha
kuch sheher k log bhi zalim the
kuch mujhe marne ka shok bhi tha

Kya hua agar dill mein tere mujhko le kar kuch nhi he 
thori thori hi sahi per sansein ab bhi chal rahi hein
ishk mera aik mazar or ashki meri qabar he 
de bhi jao hazri ab sirf teri muntazir hein",1,4,1,2,5
plz mention anjum it will be viral,5,4,6,4,4
Addicted to this masterpiece....,1,2,1,1,2
King Always Be A King,3,3,6,3,3
Hi bohemia sir ke fans kaise hain sab umeed hain sad thik hoge yaar yeah to koi baat nhi hui Agra 5 6 lakh comment nhi hai to phir bohemia sir sabhi fans ko lanat hai,5,5,1,5,3
"Talha bhaiya , soon someday gonna be there on mic with you , shady made me like he did to you",6,4,4,1,4
Gift for true Bohemians,4,3,1,1,1
"No show off, no vulgarity, no nudity, no embarrassing dance, no short dressed girl, no luxury cars , nothing.. Just pure talent",4,2,1,2,3
"Yeh kar kiya rahe hen yarrrrrr
Kahan se la rahe hen yeh shayri Dil ko lag Rahi he yarrrrr",6,6,1,1,1
I fell in love with this song b4 I even knew the meaning,2,1,1,1,1
Literally whenever i listen this automatically my tears comes out,1,1,1,1,1
Such a good song Ô∏è,5,2,1,1,1
Now that's called a masterpiece,6,2,6,2,3
talha bhai ny Open letter dubara open kr diya,6,4,1,2,4
Ya Allah shukar ka hai,2,4,6,5,1
"Kaash iss umr mein bhi ek se jo school hote ,.. sirr likhh rhe hoÔ∏è 

Love from üáÆüá≥",1,6,3,1,3
my favourite song,6,2,1,1,1
"1:24 Na chahu duaayein, na chahu dilasa Rab se mera, ye wajib gila sa

Hasta zamana, mere aansuo pe Ishq tah mera, na koi tamasha

Ghum mein hi guzri jawani meri Pucho na mujhse, kahani meri.

Bro you wrote my life in these lines",3,5,1,1,1
my favourit song,6,2,1,1,1
I would love to hear Robert Del Naja & Neil Davidge's version of this masterpiece,5,2,1,2,2
"This is one of the most beautiful songs I‚Äôve ever heard. I don‚Äôt speak Urdu but it sends me to tears everytime, what a perfect masterpiece",1,1,1,1,2
"Legends still listening in 2024. 
Awesome track and wonderful composition. Ali Zafar we love you from India, multitalented and rich voice in music. God bless you brother.",5,2,3,3,2
From Pakistan,1,4,6,3,4
from mini London,3,4,6,5,5
Love this song,5,2,1,1,1
Amazing song Ô∏èÔ∏èÔ∏èÔ∏èÔ∏èÔ∏èÔ∏èÔ∏èÔ∏èÔ∏èÔ∏èÔ∏èÔ∏èÔ∏èÔ∏èÔ∏è,4,2,1,1,1
Listening to this master piece on 22nd of May 2023,6,2,1,1,1
Loop Log = infinite,3,5,6,5,4
Toba toba charhdi jawani parveen di,1,4,1,1,3
Sir I'm your begets fan in world  me ni janta Kon kiya manta h prr I like u are legend love a lot good luck,5,3,5,3,1
2024 August anyone ?,3,4,6,5,5
Anjum bahi legend hai,1,3,3,3,3
Bahut khub,4,2,6,5,5
Hats off Sir,4,3,6,3,3
Raja Bohemia......Ô∏èÔ∏èÔ∏è,1,3,6,3,1
Mhu per bol,4,6,6,5,6
"In love with this cover song, sukoon milta hai sunke",3,2,1,1,1
LOVE,6,6,6,1,5
Love you two talhas,4,3,6,3,3
Love you bro I'm Indian,6,3,3,3,3
M,2,4,6,5,6
So kaul,4,4,6,6,5
"Kyu Awara Phirtey Ho 
Kon Bechard Kar Lauta hai",2,6,1,1,1
Hadiq kayani.song,6,6,6,5,5
Oh bhai bhai bhai,5,6,6,5,5
Jiye karachi,6,4,6,4,1
"""mujh sy ssekhty ho bacho mujhy musrshad kaho """,3,5,1,1,5
Wow. What a creation adnan bhai,5,2,6,3,3
Amazing voice  Delara,5,3,1,3,3
Hye zidagi gozar gai bechpan sunty sunty esy giya jo ab na aye ga,4,1,5,1,1
legendary BOHEMIA pajii,4,3,3,3,3
"[00:24.33]ÿØ⁄æŸÜÿØ⁄æŸÑÿß ÿ≥ÿß €Å€í ÿ™€åÿ±€í ÿ®ŸÜ €å€Å ÿ¨€Åÿß⁄∫
[00:31.43]ŸÜ€åÿß ŸÜ€åÿß ÿ≥ÿß €å€Å ÿØÿ±ÿØ ⁄©€åŸà⁄∫ ÿØŸÑ ŸÖ€å⁄∫ €ÅŸàÿß €Å€í ÿ±Ÿàÿß⁄∫
[00:39.48]ÿ≥€ÅŸÖ€å ÿ≥€å €Å€í ŸÖ€åÿ±€å ŸÜÿ∏ÿ±
[00:43.19]ŸÖ€å⁄∫ ⁄à⁄æŸàŸÜ⁄àŸà⁄∫ ÿ™ŸÖ⁄æ€å⁄∫ ⁄©€Åÿß⁄∫ ⁄©€Åÿß⁄∫
[.11]€Å€å⁄∫ Ÿà€Å€å⁄∫ Ÿæ€Å ÿ™Ÿà ÿ¢ŸÜ⁄©⁄æ€å⁄∫ ŸÖ€åÿ±€å
[.13]ŸÖŸÑÿ™€í ÿ™⁄æ€í €ÅŸÖ ÿ¨€Åÿß⁄∫ ÿ¨€Åÿß⁄∫
[.36]ŸÅŸÜ ⁄©ÿßÿ±€å €ÅŸàÿ¶€å ÿ®€Åÿ™ ÿ≥ÿßÿ±€å
[.77]ŸÖ€å⁄∫ ŸÜ€Å ÿ≥ŸÖÿ¨⁄æ Ÿæÿßÿ¶€å ÿ™€åÿ±€å ÿ≥ŸÖÿ¨⁄æ ÿØÿßÿ±€å
[.60]ŸÅŸÜ ⁄©ÿßÿ±€å €ÅŸàÿ¶€å ÿ®€Åÿ™ ÿ≥ÿßÿ±€å
[.73]ŸÖ€å⁄∫ ŸÜ€Å ÿ≥ŸÖÿ¨⁄æ Ÿæÿßÿ¶€å ÿ™€åÿ±€å ÿ≥ŸÖÿ¨⁄æ ÿØÿßÿ±€å
[.26]‚ô™
[.69]Ÿæ⁄Ø⁄æŸÑÿßÿ™€í €Å€å⁄∫ ÿØ⁄æ€åÿ±€í ÿØ⁄æ€åÿ±€í €å€Å ŸÖÿ¨⁄æ€í
[.58]ŸæŸÑ⁄©Ÿà⁄∫ Ÿæ€Å €åÿßÿØŸà⁄∫ ⁄©€í ÿ™€åÿ±€å ÿ¨ŸÑŸÜ€í ŸÑ⁄Ø€í €Å€å⁄∫ ÿØ€å€í
[.47]⁄©⁄æŸàÿ¶€å ÿ≥€å ÿ±€ÅŸà⁄∫ ÿÆ€åÿßŸÑŸà⁄∫ ŸÖ€å⁄∫
[.24]€å€Å ÿ≥ÿßŸÜÿ≥€å⁄∫ ÿ®⁄æ€å €Å€å⁄∫ ÿ™⁄æŸÖ€å ÿ™⁄æŸÖ€å
[.13]ÿß⁄©€åŸÑ€í €Å€å ŸÖ€å⁄∫ ÿ¨€å ŸÑŸà⁄∫ €åŸà⁄∫ €Å€å
[.14]€å€Å €ÅŸà⁄Øÿß ⁄©ÿ®⁄æ€åÿü ŸÜ€Å€å⁄∫ ŸÜ€Å€å⁄∫
[.48]ŸÅŸÜ ⁄©ÿßÿ±€å €ÅŸàÿ¶€å ÿ®€Åÿ™ ÿ≥ÿßÿ±€å
[.65]ŸÖ€å⁄∫ ŸÜ€Å ÿ≥ŸÖÿ¨⁄æ Ÿæÿßÿ¶€å ÿ™€åÿ±€å ÿ≥ŸÖÿ¨⁄æ ÿØÿßÿ±€å
[.59]ŸÅŸÜ ⁄©ÿßÿ±€å €ÅŸàÿ¶€å ÿ®€Åÿ™ ÿ≥ÿßÿ±€å
[.89]ŸÖ€å⁄∫ ŸÜ€Å ÿ≥ŸÖÿ¨⁄æ Ÿæÿßÿ¶€å ÿ™€åÿ±€å ÿ≥ŸÖÿ¨⁄æ ÿØÿßÿ±€å
[.13]",4,4,1,2,5
It's 4 am here in Mumbai... Want to smoke j and listen whole album lik a 4:20,6,5,4,5,4
so calm nice,5,1,6,1,1
Bahi kya chahta hai ap ?,3,4,3,6,3
Jay jaat,3,6,6,5,3
King of voice,2,3,3,3,3
TALHA,1,5,6,5,3
I really like the part where the tempo changes,3,2,1,2,2
Best one>>,4,2,6,1,6
Mash Allah,2,6,6,1,1
Ye,4,6,6,5,5
Guys please also listen KK version of Gulon mein rang from the movie sikander,5,4,3,2,4
Like a wow song,5,2,1,1,1
Pehle ganoo me jo feelings hai vo naye mai nhi hai mai to old hi sunta hoo atif aslam great voice,6,3,5,2,1
Ali Azmat.. Koi jorr nai,4,5,1,3,6
Just,3,6,6,5,6
please give the lyrics..love kaavish,1,3,1,2,1
we lucky gen,4,2,6,5,5
Jat,3,6,6,5,5
Thanx for coming and being part of this amazing journey!!! Best Wishs N Prayers all the Way,2,4,1,3,1
Mujhe nhi lagata ke bohemia sir ka koi majh se bhi bada hai kyuki koi meri tarah comment nhi kar sakta hai agar hai toh,4,3,1,5,5
Heart touching... what a soothing voice... Love from India...,2,1,1,3,1
Yaade rukti wo kahti bahane na de,3,4,1,1,1
Sab sy acha hai,3,2,6,1,5
"Ki gal ,views buy kyu nhi kite",3,4,1,4,4
Anjum,3,6,6,5,5
Hits different,5,2,1,1,1
Bihar se hu mai mera ek dost hai hassan name h uska aap ka har ek song usko yaad hai or wo same aap ke tarah hi gaata hai or usko bas aap ka follow chahiye ek din aisa aayega aap usko khud follow kijiyega,6,4,1,3,3
This guy looks like Abhishek Bachchan,3,4,3,4,4
"Dard de dil ki sifaris
Fir yahi dil ke alfaz hai",5,6,1,1,1
Amazing voive,1,3,1,3,3
I love this song,5,2,1,1,1
1:09 these couple of lines are from Adhi Rati. Love it when artists refer to their earlier works!,2,3,6,2,2
i remember the song when rain drops deeply,1,1,1,1,1
bro this song is so underrated,2,2,1,2,1
And this time Atif surpasses KK,6,3,6,3,3
"After 10 years, this comment will stay. You (Na) probably won't, but I'll come back to listen again.",4,1,6,1,1
Number 1 Bohemia,4,3,6,3,3
Love this song 2013 and 2024,5,2,1,1,1
Madness thy name is Ali  frustratingly brilliant ‚Ä¶,2,2,6,3,3
I love my Dream Ô∏è,6,3,6,1,1
3:43 i can die for this part love you atif sir you killed it,4,3,1,1,1
My super singer,6,6,3,3,3
Same beef one of my favourite,6,2,6,1,1
Love you Bohemia sir,4,3,1,3,3
Farhan  from india,4,4,6,5,5
Sadabhar song love from Hrg,1,2,1,1,1
Okara Pti bani bad,1,4,3,4,3
"He deserves so much hype istg insensible rappers ko fzul hype dene k bajaye agr dhh listeners inko zyada suny to character development ho jaye zyada tar ki, lkin manoranjan choose krti adhe se zyada awaam over morality, sach bayaan krte hain JJ47, hoping he receives the love and attention he deserves",3,3,5,3,4
2024 wala idr ajao,2,4,1,5,5
ŸÇŸàÿßŸÑ€å ⁄©€í ÿßŸÜÿØÿßÿ≤ ŸÖ€å⁄∫ ÿµÿßÿ®ÿ±€å ÿ®ÿ±ÿßÿØÿ± ÿ≥ €åŸá ŸÜÿπÿ™ ⁄Øÿß€åÿß ⁄©ÿ±ÿ™€í ÿ™⁄æ€í ÿßÿ≥ ⁄©€å €åÿßÿØ ÿ™ÿßÿ≤Ÿá €ÅŸà⁄Øÿ¶€å,4,4,1,1,1
2024 ?,6,4,6,5,5
nice,2,6,6,1,5
Aa song ni kade puraana hona Atif makes our childhood awesome by his songs,3,1,3,1,3
"ALLAHU AKBER  SAWW 
ASSALATO WASSALAMO ALIKA YA RASUL ALLAH",6,6,6,1,1
Ke kal ko maut aye aur mang na maye maafi tu,5,6,1,5,1
Heart touching song,3,1,1,1,1
Vah vah hansa wah wah kya kahane hai jo hai bhai,4,2,3,5,3
Tere dar se na koi khali gya,5,5,1,1,1
I really really like this song......Always listen to this song....Love from india,5,2,1,1,1
This song is so good,3,2,1,2,1
Paajii congrats.. sukoon se suni aaj album .. dhai mint da shaq laga gaya agg.. rukna ni paaji.. ikk hor alb..,4,3,1,3,4
"Savera mera savera mera savera mera .............
2 words leke pura gana bana diya",6,4,5,2,2
G. O. A. T,5,3,6,3,3
"It always touches me whenever i listen to this, it's sung so beautifully. I always get goosebumps",3,1,1,1,1
One of kind,3,2,6,2,6
I LOVE THIS SONGLOVE YOU ADITYA ROY KAPUR AND DISHA PATANI. BIG FAN,6,2,3,3,3
Yup bcz these are Pakistani singers and Pakistani youth can't the art of music,4,2,3,2,3
TOP 5 SONG ON THE LIST FROM BOHEMIA SIR  Still Bumping This Song In 2024,3,2,1,3,3
amazinggg,3,2,6,2,5
"Afsnaye ab likhne laga ,or duniya ko dikhne laga",3,5,1,1,1
Nice,2,6,6,5,5
I like this song jo bhi isse song ko 2024 me sun Raha voh like kare please,1,2,5,1,5
Memorable songs of our childhood and young age,6,1,1,1,1
Martin Margaret Robinson Jessica Johnson Donald,2,6,5,4,5
My fav,3,2,6,1,5
Shabbir Ahmed ne nhi likkha h ye..Mehmood Arafat ne likha h,1,5,1,5,4
King,6,3,6,3,3
wow!,5,2,6,5,6
Atif Aslam is Nice,6,3,6,3,5
No comments?,2,4,6,5,5
"Mujhe shor nhi chaiye
Gehraiyo mai jaane de Ô∏è

~talha anjum",2,4,1,1,1
tu hi jind meri jaan,2,4,3,5,1
Who is form india,6,4,6,4,4
Youtube new teick,4,4,6,4,4
"This is the best song to be listen in free time while office work 
I became fan of this song",3,2,1,1,1
Love from mumbai dharavi 17 Ô∏è,6,2,1,4,1
It scared me out on my hi-res earphones,5,5,6,2,2
mai te tuntuna vajaanda,5,6,3,5,6
Most beautiful song since 2018,5,2,1,1,1
Heart touching voice,3,3,1,2,1
One of my favorites,1,2,1,1,5
USAMA BRO WHAT A BRILLIANT MELODY AND HOOK AND AHAD BRO YOUR RAP VERSE WAS ALSO GREAT AND HATS OFF TO RAFFEY BRO,2,3,1,2,3
Banger,3,2,6,2,1
Oommgg I listen this song maximum 10 to 20 times after release and I'm obsessed with it.keep it up you are very talented.,2,2,1,1,3
Miss you danesh,3,1,6,1,1
yo yo,2,6,6,5,3
Yashraj uff,3,3,6,3,3
Beautiful Souls help me in my manifestation as I need him badly he became cold...pray for me nd  40 ppl plz say Amen,6,4,1,4,4
"‡Æï‡Øá‡Æü‡Øç‡Æï‡Ææ‡Æ§ ‡Æ®‡Ææ‡Æü‡Øç‡Æï‡Æ≥‡Øç ‡Æá‡Æ≤‡Øç‡Æ≤‡Øà.
‡Æö‡Æï‡Øã.kaavish. ‡Æµ‡Ææ‡Æ¥‡Øç‡Æ§‡Øç‡Æ§‡ØÅ‡Æï‡Øç‡Æï‡Æ≥‡Øç  
Tamil Nadu.",5,4,3,3,3
Anjum Back to back sach mein esko typisttt chahiye,2,6,1,5,5
Subhan Allah masha allah,3,6,6,5,1
Realy a lovely number <3,1,2,6,1,1
Talha,1,6,6,5,3
Very nice a song,5,2,1,2,1
Tuhaddi kuri da phuda mein itna Ameer hona tussi sar sar mrna,3,6,1,5,1
Ye song bhut acha lagta hai,6,2,3,1,3
Respect‚Ä¢,2,5,6,3,3
Love you sir,6,3,6,3,3
suna hai tum Aaj Bhi Dil Ke Karobar mein hoÔ∏è,4,6,3,1,3
I love this song is my favourite,1,2,1,1,1
where the comment gone,1,4,6,4,3
Vintage anjum,5,5,6,3,5
Kahani suno then kahani meri <<33,3,5,6,1,1
Wo bhi Kya din the  Atif sir,4,1,1,3,1
Beautifully groovy!,4,2,1,2,3
"Oonch ya neech Ameeri ya Gareebi Tera pyar ni badle Meri Khush Naseebi ve Akhan Band Kar seene Uthe Sir rakh Mere Lele khushiyan Mainu dede Gum saare tere 
#Boheima",4,4,1,5,1
Yeah,3,6,6,5,6
neha your father is right bas unse kehna yaha pe kuch ho sakta hai please influence create kar debas aur kuch nhi kehna ye song wong nhi pagal main tumhare reh hi nhi sakta please agar tum sun rhi ho ye message apne father tak pahucha dena bas ab dukh mat dena please,2,4,1,4,1
Speechless pajii kdm no 1 jado de game ch,1,1,3,3,3
Hii,3,6,6,5,5
Anjum √ó Yunus √ó Jokhay = Young stunners,4,5,6,3,3
My fav song,1,2,1,1,1
You are the best singer in the world,1,3,3,3,3
Love you sir Farhan,4,3,3,3,5
Love from kashmir,4,2,1,4,1
One of the favourite songs,1,2,1,1,1
I'm crying at this even though I am 8,5,1,6,1,1
Ya of course u r PRK _Bohemia,6,5,6,5,5
Ty,6,6,6,5,6
savage bht hi hard,1,2,6,3,1
Beautiful voice love you singer farhan,2,3,3,3,3
This is really,2,6,6,6,6
Bst raper,5,3,6,3,3
Is gane ko to 500 million views Milana chahie,3,2,6,2,5
Sab gana re-upload aur talha ye sab xodkay jara hey,1,6,5,5,5
"Gajab hai 
Tu hai kahan",2,6,3,1,3
This song is not written by idea but written by pain  0:56  best line,1,1,1,1,1
